Category,Prompt,Variables to Fill,When To Use It,Expected Output
Sales & Outreach,"Write a cold email to [PROSPECT ROLE] at a [COMPANY TYPE] with [HEADCOUNT] people. Open with a specific problem my offer solves ([OFFER]), reference something real about them ([WHAT I NOTICED]), and ask for one low-commitment reply. Under 110 words, no compliment openers, no 'I hope this finds you well'.","COMPANY TYPE, HEADCOUNT, OFFER, PROSPECT ROLE, WHAT I NOTICED",You have a list of prospects and nothing to send them,3 subject-line options + email body + one-sentence P.S. variant
Sales & Outreach,"Take this generic cold email and rewrite it 4 ways: curiosity-driven, blunt-direct, data-led, and self-deprecating. Tell me which one fits a [INDUSTRY] buyer and why the other three lose. Paste email: [PASTE EMAIL]","INDUSTRY, PASTE EMAIL",Your first draft reads like every other sales email,4 rewrites + a recommendation with reasoning
Sales & Outreach,"Build a 4-touch follow-up sequence for [OFFER] aimed at [CUSTOMER]. Day 0 is the cold email. Each later touch must add genuinely new information (a number, an example, an objection answered) rather than 'just checking in'.","CUSTOMER, OFFER",You keep sending 'following up' and getting nothing,"4 emails with send-day, subject, body, and what's new in each"
Sales & Outreach,"I am about to call [PROSPECT] at [COMPANY]. Here is everything I know: [WHAT I KNOW]. Give me an opening 20 seconds that is not a pitch, 5 discovery questions ordered from safest to hardest, and the 3 questions that would qualify them out early so I stop wasting time.","COMPANY, PROSPECT, WHAT I KNOW","Pre-call prep, every single time",Opener script + ranked question list + disqualify questions
Sales & Outreach,"Turn these rough call notes into a follow-up email that restates what they said, the one thing they care about most, and a next step with a specific time. Notes: [PASTE NOTES]",PASTE NOTES,"Right after any sales call, while memory is fresh",Email under 120 words + proposed meeting slot
Sales & Outreach,"Here is an objection a prospect raised: [OBJECTION]. Give me the honest answer when the objection is true, the reframe when it is not, a question that turns it back to them, and the line I should stop using because it sounds defensive.",OBJECTION,"Mid-call, or rehearsing before a hard conversation",4 labelled responses + a note on when to walk away
Sales & Outreach,"Write a direct LinkedIn message to [ROLE] that references their post about [TOPIC] and moves toward a conversation about [OFFER]. No pitch in the first message, no 'thanks for connecting', under 60 words.","OFFER, ROLE, TOPIC",Warm-ish outreach where you've actually read their content,Message + 2 alternate first lines
Sales & Outreach,"Segment this lead list into who to call today, who to send a nurture email to, and who to drop entirely. Score each on deal size, signal of intent, and fit. List: [PASTE LEADS]",PASTE LEADS,You have 200 rows in a spreadsheet and two hours,"Table with tier, reason, and recommended next action per lead"
Sales & Outreach,"Draft a re-engagement email to [CUSTOMER TYPE] who went quiet [TIMEFRAME] ago. Reference what they did while active, name the specific outcome they didn't reach, and offer one way back that costs them under 10 minutes.","CUSTOMER TYPE, TIMEFRAME",Your best asset is a list of people who already said yes once,Email + subject + the one offer to lead with
Sales & Outreach,"Create a proposal structure for [SERVICE] priced at [PRICE] for [CLIENT]. Must include the problem in their words, the outcome, the scope in bullets, an explicit not-in-scope list, the timeline, and why me. No filler sections.","CLIENT, PRICE, SERVICE",Every deal above [PRICE] deserves a written proposal,Section-by-section outline with the sentence to open each one with
Sales & Outreach,"Here is my proposal text: [PASTE PROPOSAL]. Rewrite it to sell the outcome, not the hours. Then list the 3 places where a cautious buyer would still feel unsure, and what evidence fixes each.",PASTE PROPOSAL,Before sending anything you want signed,Revised proposal + 3 gap notes with the evidence to add
Sales & Outreach,"Write a 90-second discovery call opener for [BUSINESS TYPE] that sets the agenda, tells them what they'll get for their time, and gives permission to say no. Then list the 5 signals that mean this person is not my buyer.",BUSINESS TYPE,You keep getting dragged into unstructured sales chats,Script + disqualifier checklist
Sales & Outreach,"Turn one happy-customer result into 3 outreach assets: a LinkedIn post, a cold-email proof line, and a one-sentence case summary. Facts only from this: [RESULT DETAILS]",RESULT DETAILS,You have proof but haven't converted it into messaging,3 assets + a note on which claim needs customer permission first
Sales & Outreach,"Build a win-back offer for [CUSTOMER] who left for [REASON]. It must be time-boxed, cheaper for them than switching back costs, and honest about what we changed. Then give me the email.","CUSTOMER, REASON",A churned customer is 5x cheaper to reopen than a stranger,Offer definition + email + expiration wording
Sales & Outreach,"I need to ask [PARTNER TYPE] for referrals without sounding transactional. Write the ask for a [INDUSTRY] context, plus 3 ways to make it easy for them to actually do it (a forwardable blurb, an intro email they can send unchanged, a shared incentive).","INDUSTRY, PARTNER TYPE",Your network already knows people who need this,The ask message + 3 ready-to-use referral enablers
Marketing & Content,"Write 10 content ideas for [CUSTOMER] who struggles with [PAIN]. Mix formats: 4 short posts, 3 long-form angles, 2 teaching pieces, 1 contrarian take. Each idea must state the specific belief it changes, not just the topic.","CUSTOMER, PAIN","Content calendar planning, when you're posting but not saying anything","Table: idea, format, belief changed, first line"
Marketing & Content,"Turn this long article into 6 platform-native pieces: 1 LinkedIn post, 1 X thread, 2 short-form video scripts, 1 newsletter intro, 1 community-friendly post. Paste: [ARTICLE]",ARTICLE,You wrote something good once and let it die in one place,"6 versions, each respecting that platform's length and rhythm"
Marketing & Content,"Write 12 hooks for [TOPIC] in these styles: number-led, question, confession, warning, myth-bust, before/after, quote, cost, timeline, blunt, odd detail, direct address. Then rank the 3 strongest for [CHANNEL] and say why.","CHANNEL, TOPIC",You have a good body and a dead opening,12 hooks + top-3 verdict
Marketing & Content,"Rewrite this copy so it sounds like a person talking to one friend: cut adjectives, replace abstractions with specifics, shorten sentences, kill every banned word (unlock, elevate, seamless, game-changer, cutting-edge). Text: [PASTE COPY]",PASTE COPY,Any draft that reads corporate,Rewrite + a line-by-line list of what you changed and why
Marketing & Content,"Build a 30-day content plan for [BUSINESS TYPE] with 3 posts a week. Each week must have one post that teaches, one that proves (case or data), one that sells. Include the topic and format for all 12.",BUSINESS TYPE,"You need a rhythm you can actually keep, not a wish list",12-slot calendar with objective per post
Marketing & Content,"Give me 10 questions about [PAIN] in the exact words a real customer would type into Google or an AI chat, ordered from unaware to ready-to-buy. Under each, the one piece of content that answers it.",PAIN,"SEO briefs, bottom-of-funnel content, ad keyword lists",10 queries + matching content angle
Marketing & Content,"Write a 6-email newsletter welcome sequence for subscribers who joined for [LEAD MAGNET]. Deliver something useful in 1 and 2, tell the origin story in 3, show proof in 4, present [OFFER] in 5, close honestly in 6.","LEAD MAGNET, OFFER",You have subscribers and no sequence,"6 emails with send-day, subject, goal, body"
Marketing & Content,"Audit this landing page against the 7 things that decide whether people read past the first screen: clarity, relevance, specificity, proof, friction, risk reversal, next step. Page: [URL OR PASTE COPY]",URL OR PASTE COPY,Traffic arrives but nobody converts,Scored list + the 3 fixes that would move the number most
Marketing & Content,"Write product descriptions for [PRODUCT] for three audiences: someone buying it for themselves, someone gifting it, someone comparing it to [COMPETITOR]. Different reasons, different words, same facts.","COMPETITOR, PRODUCT","One product, many buyers who want different things",3 descriptions + the headline claim each leans on
Marketing & Content,"Turn my service into a named framework with 4 stages, each with a one-line description, an outcome, and an artifact the client receives. My service: [SERVICE DESCRIPTION]",SERVICE DESCRIPTION,You're selling undifferentiated work and your price reflects that,"Framework name, 4 stages, plus how to use it in a pitch"
Marketing & Content,"Write 5 short-video scripts about [TOPIC]. Structure each as hook (3s), tension (10s), turn (25s), payoff (10s), and one line that gets comments. Include what to show on screen.",TOPIC,Repurposing written expertise into video without a studio,5 scripts with timing and visual cues
Marketing & Content,"Create a testimonial request I can send to [HAPPY CUSTOMER] that gets a specific result instead of 'great to work with'. Include the 4 questions to ask, and a permission line for public use.",HAPPY CUSTOMER,You have happy customers and no usable proof,The ask message + 4 questions + a template to tidy their reply into
Marketing & Content,"Write a contrarian opinion post about [COMMON ADVICE IN MY INDUSTRY]. State who the advice is wrong for, what to do instead, and the strongest argument against my own position. No outrage tone.",COMMON ADVICE IN MY INDUSTRY,"You want to be known for a view, not just for posting",Post + steelman paragraph + the risk of publishing it
Marketing & Content,"Build a lead magnet for [CUSTOMER] around [TOPIC]. It must be usable in under 15 minutes, deliver one outcome, and naturally point at [OFFER]. Give me the format, the outline, and the promise line.","CUSTOMER, OFFER, TOPIC",Your freebie gets downloads but no buyers,Format + outline + headline + the follow-up email that connects it to the paid offer
Marketing & Content,"Here are 8 of my raw customer messages: [PASTE MESSAGES]. Pull the recurring phrases, complaints, and desired outcomes, then write the exact words I should use in my headline and first paragraph.",PASTE MESSAGES,Voice-of-customer research you already have sitting unread,Phrase inventory + recommended headline and lead paragraph
Email,"Write a [TYPE] email to [AUDIENCE] about [SUBJECT]. Keep it under 150 words, one idea, one ask, plain sentence structure. No 'just checking in', no 'per my last email'.","AUDIENCE, SUBJECT, TYPE",The emails you put off because you hate writing them,"Email + 3 subject options, one being the plainest"
Email,"Rewrite this email to be 40% shorter while keeping every commitment and date intact, and moving the ask to the first two lines. Text: [PASTE EMAIL]",PASTE EMAIL,Your emails get skimmed and the ask gets missed,Tightened email + a note on what was cut
Email,"Write 5 subject lines for [NEWSLETTER TOPIC] in these registers: curiosity, specific benefit, number, warning, personal. Flag which one is closest to clickbait for this audience and why.",NEWSLETTER TOPIC,Open rates are flat,5 subject lines + a preheader for the winner
Email,"Turn this messy bullet dump into a clear update for [RECIPIENT] that separates what's done, what's at risk, what I need from them, and the next date. Paste: [BULLETS]","BULLETS, RECIPIENT","Status updates, weekly reports, handovers",Structured update under 180 words with one bolded ask
Email,"Write a difficult email: I need to tell [PERSON] that [UNPLEASANT TRUTH]. Direct, kind, no over-apologising, no hidden blame, states the consequence and the path forward. Under 160 words.","PERSON, UNPLEASANT TRUTH","Late delivery, cancellation, price rise, a mistake you made",Email + 2 alternate openings (soft and firm)
Email,"Draft a 3-step escalation for [PARTNER TYPE] who hasn't delivered [THING OWED]: polite reminder, clear deadline with consequence, final notice. Same facts each time, rising firmness.","PARTNER TYPE, THING OWED",Someone is blocking your work and you don't want a fight,3 emails with the timing between them
Email,"Write a cold-inquiry email that gets a reply from someone at a big company about [SPECIFIC THING]. Make the ask small, specific, and flatter their expertise rather than their status.",SPECIFIC THING,You need information or a meeting you can't buy,Email + a follow-up for day 7 assuming silence
Email,Reply to this customer email in a way that solves the problem and protects my time. Their email: [PASTE EMAIL]. My constraints: [CONSTRAINTS].,"CONSTRAINTS, PASTE EMAIL",Inbox triage on the emails that cost hours,Reply + 1 alternate if I want to decline part of the ask
Email,"Write an apology for [MISTAKE] that affected [WHO] for [DURATION]. Include: what happened, what it cost them, what I changed so it doesn't recur, and what I'm offering. No passive voice, no 'we regret any inconvenience'.","DURATION, MISTAKE, WHO",You actually broke something and need trust back,Apology email + a one-line internal note on the process fix
Email,"Create an automated email for when [TRIGGER EVENT] happens in my business: welcome, delivery, review request, renewal reminder, payment failure. Give the copy and the timing.",TRIGGER EVENT,You're doing by hand what should fire automatically,Email copy + trigger + send timing + one metric to watch
Email,"Rewrite this so it reads warm and personal, not AI-written: vary sentence length, add one specific detail, remove every cliché, and let it sound slightly imperfect. Text: [PASTE EMAIL]",PASTE EMAIL,You can tell it's generated and so can they,Rewrite + the 3 clichés you'd delete from your own templates
Email,"Write a newsletter intro for the [MONTH] edition covering [TOPICS]. Open with the single most interesting thing, not the summary. Under 100 words, then hand off to sections.","MONTH, TOPICS",Monthly updates nobody reads,Intro + section-handoff lines
Email,"Draft the email that says no to [REQUEST] without losing the relationship. State the decision, one honest reason, one alternative that helps them anyway.",REQUEST,The ask you keep sitting on because saying no is awkward,Decline email + a softer variant for a close relationship
Email,"Write a re-engagement email for a mailing list that hasn't bought in [TIMEFRAME]. Segment it: those who opened recently, those who never opened, those who clicked but didn't buy.",TIMEFRAME,A list going cold,"3 emails, one per segment, each with its own ask"
Email,Turn a customer-support conversation into a public FAQ answer that pre-empts the same question 50 more times. Raw thread: [PASTE THREAD],PASTE THREAD,You're answering the same thing weekly,FAQ entry + the 3 places to publish it
Customer Handling,"Write a reply to an unhappy customer who says [THEIR COMPLAINT]. Acknowledge the real feeling, own the specific part we got wrong, state exactly what happens next and when, and offer one reasonable make-good. No scripted empathy language.",THEIR COMPLAINT,The message that makes you pause before opening,Reply + a follow-up to send 3 days later
Customer Handling,"Turn this complaint into a process fix: [COMPLAINT]. Identify the step that allowed it, the check that would have caught it, who owns that check, and what it costs to add.",COMPLAINT,You're getting the same complaint twice and that's a system bug,Root cause + control + owner + cost estimate
Customer Handling,"Create a 5-answer refund policy for [BUSINESS TYPE] that is generous enough to be a selling point and specific enough to prevent abuse. Cover: time window, condition, who decides, how fast, and the escalating cases.",BUSINESS TYPE,Your refund policy is either scaring buyers or costing you money,Policy text + the one-sentence version for the product page
Customer Handling,"Write a response to a public negative review that is honest, non-defensive, and reads well to the hundred people who weren't there. Review: [PASTE REVIEW]",PASTE REVIEW,"Any visible criticism on Google, Yelp, app stores, social",Public reply + private message to actually resolve it
Customer Handling,"Build a customer onboarding path for [PRODUCT OR SERVICE] with 4 touchpoints in the first 14 days. Each must move them to a specific first-result milestone, not just notify them.",PRODUCT OR SERVICE,New customers go quiet in week one and churn in month two,"Touchpoint table: day, channel, message goal, milestone reached"
Customer Handling,"Draft answers to the 10 questions [PRODUCT] customers ask before buying. Honest answers including the ones where the answer is 'no, not yet, here's the workaround'.",PRODUCT,Every sales call reanswers the same list,FAQ with answers + the 2 questions you should answer proactively
Customer Handling,"Write a check-in message for [CLIENT] at [MILESTONE] that surfaces problems before they become churn. Ask 4 questions, one about their internal politics, one about what we're failing at.","CLIENT, MILESTONE","Between renewal conversations, when things seem fine",Message + the 4 questions + the red flags in their likely answers
Customer Handling,"Create a tiered support response system for [BUSINESS TYPE]: what counts as urgent, response times by tier, what self-serves, and how to tell customers the difference without insulting them.",BUSINESS TYPE,You're treating every message as priority one,Policy table + the customer-facing wording
Customer Handling,"Rewrite these support macros so they sound like a competent person and not a template: keep each fix under 90 words, lead with the action the customer should take, and end with what happens next. Paste: [PASTE MACROS]",PASTE MACROS,Your canned replies have drifted into robotic,Rewrites + the 3 phrases to retire permanently
Customer Handling,"Prepare a response for a customer who says [THREAT]. Give me the de-escalation reply, the internal decision rule for when to concede, and the line I don't cross.",THREAT,Confrontational moments where one bad reply goes public,Reply + decision rule + boundary wording
Customer Handling,"Write a cancellation-flow set of messages for [SERVICE]: the confirm, the 'here's what you're losing', the data export offer, and the door-open note 60 days later. Respectful, no dark patterns.",SERVICE,People leaving and you want them back later,4 messages with send timing
Customer Handling,"Build a client intake questionnaire for [SERVICE] that catches scope problems before the work starts. 12 questions, ordered, with the reason each one exists and what a dangerous answer looks like.",SERVICE,Projects go wrong in week one because nobody asked,Questionnaire + red-flag answers
Customer Handling,"Write plain-language documentation for [FEATURE OR PROCESS] aimed at someone who has used it once and forgot. Numbered steps, what each click does, what to do if it looks different.",FEATURE OR PROCESS,You're training the same person twice,Doc + a troubleshooting table
Customer Handling,"Draft a message to [CLIENT] explaining why a deadline moved. State the cause without blame-shifting, the new date, what you'll deliver by the old date anyway, and what you'd do in their position.",CLIENT,Delays you can't avoid and shouldn't sugarcoat,Email + an internal prevention note
Customer Handling,"Create a feedback-collection loop for [BUSINESS TYPE]: 3 moments to ask, the one question at each, where the answers go, and how you close the loop so people keep answering.",BUSINESS TYPE,You collect feedback nobody acts on and people stopped giving it,Loop design + question wording + the closing-the-loop message
Product & Operations,"Write a one-page spec for [FEATURE] in [PRODUCT]: problem, who hits it, proposed behaviour, edge cases, what we're explicitly not building, and how we'll know it worked.","FEATURE, PRODUCT",Before you let anyone write code or agree in a meeting,Spec + the 3 open questions to resolve first
Product & Operations,Prioritise this backlog with [METHOD] and show the scoring. Explain any item that ranked high on reach but low on effort-adjusted value. Backlog: [PASTE ITEMS],"METHOD, PASTE ITEMS",Everything is urgent and you have limited capacity,Ranked table + scores + what you'd cut entirely
Product & Operations,"Map the current process for [WORKFLOW] as steps, owners, handoffs, and waiting time. Then mark every step the customer would not pay for. Workflow: [DESCRIPTION]","DESCRIPTION, WORKFLOW",You're slowing yourself down and can't see where,Process map + non-value-add list + the simplified version
Product & Operations,"Write 5 user-interview question sets for [SEGMENT] that never mention my product and never lead the answer. Focus each set on one thing: their day, their workarounds, their spend, their failures, their vocabulary.",SEGMENT,"Before building anything, when you think you already know",5 question sets + the follow-up prompt for a thin answer
Product & Operations,"Turn these [N] pieces of user feedback into themes with counts, severity, and a recommendation per theme. Paste: [PASTE FEEDBACK]","N, PASTE FEEDBACK",You have 300 comments and no structure,Theme table + top 3 to act on + what to explicitly ignore
Product & Operations,"Write acceptance criteria for [STORY OR TASK] in Given/When/Then form, including the failure paths and the two cases a tester will definitely miss.",STORY OR TASK,Handing work over and getting the wrong thing back,Criteria + missing-test list
Product & Operations,"Create a launch checklist for [RELEASE] covering: who to tell, what to update (docs, pricing page, macros), what to monitor in the first 48 hours, and the rollback trigger.",RELEASE,"Every release, so nothing depends on your memory",Checklist with owners and timings
Product & Operations,"Document this tool or subscription decision for [TOOL] for [USE CASE]: what it replaces, real cost including setup time, the risk of not having it, and a buy/don't-buy verdict with a date to review.","TOOL, USE CASE",Your software stack has quietly become a monthly tax,One-page decision memo
Product & Operations,"Design an automation for [REPEATABLE TASK] that I currently do by hand. Describe the trigger, the steps, what still needs a human, and what breaks when the automation fails silently.",REPEATABLE TASK,You've done something manually more than 20 times,Automation design + failure handling + estimated hours saved per month
Product & Operations,"Write a runbook for [INCIDENT TYPE]: detection, first 5 minutes, who to notify, decision points, recovery, and the post-incident questions. Assume the reader is awake at 3am and tired.",INCIDENT TYPE,When something breaks and nobody remembers the procedure,Runbook + escalation contacts template
Product & Operations,"Review my product page for [PRODUCT] against the 6 reasons people don't buy: unclear value, wrong audience, no proof, too much friction, hidden cost, no urgency. Paste: [PASTE PAGE]","PASTE PAGE, PRODUCT",Traffic without conversion,Audit with the single highest-leverage fix
Product & Operations,"Create a weekly operating review template for [BUSINESS TYPE] that takes 20 minutes: 5 numbers, 1 blocked item, 1 decision, 1 customer insight, next week's single priority.",BUSINESS TYPE,A rhythm so you stop firefighting,Template + what each number should trigger if it moves
Product & Operations,"Write a data-collection plan for [DECISION]: what I currently know, what I'd need, the cheapest way to find out, and the threshold that would change my mind.",DECISION,You're about to guess on something that's expensive to be wrong about,Plan + minimum viable evidence + decision threshold
Product & Operations,"Document [PROCESS] so a new person can run it without asking me anything. Include the context they need, the steps, the judgement calls, and where it usually goes wrong.",PROCESS,Anything you're the only one who knows how to do,SOP written for a competent stranger
Product & Operations,"Design a QA pass for [OFFER] before it goes live: the 15 things to check, in the order that catches the worst failures first.",OFFER,"Every launch, every page, every campaign",Checklist ordered by damage potential
Pricing & Finance,"Build a pricing structure for [OFFER] with 3 tiers. Define who each tier is for, the honest difference in value, the anchor tier, and what to deliberately leave out of the cheapest one.",OFFER,You're pricing on vibes and leaving money on the table,Tier table + reasoning + the sentence to explain pricing to a customer
Pricing & Finance,"Analyse these numbers for [BUSINESS TYPE]: revenue [FIGURES], costs [COSTS], customers [COUNT]. Tell me my margin, contribution per customer, break-even, and the one line item that's disproportionate.","BUSINESS TYPE, COSTS, COUNT, FIGURES","Monthly, before you make a spending decision",Metrics + the anomaly + what to investigate first
Pricing & Finance,"Write the email that raises prices for [EXISTING CUSTOMERS]. Give the reason, the new price, the effective date, what stays the same, and one honest concession for early renewal.",EXISTING CUSTOMERS,The scariest email in a small business and the most profitable one,Email + objection replies for 'I'll leave' and 'this is too much'
Pricing & Finance,"Calculate whether [SPEND DECISION] pays back. Show my assumptions, the break-even volume, and what has to be true for this to work. Numbers: [INPUTS]","INPUTS, SPEND DECISION",Any spend you're defending to yourself,Payback model + assumptions list + the failure scenario
Pricing & Finance,"Create a discount policy for [BUSINESS TYPE]: what justifies one, the maximum, who approves, what you never discount, and the alternative you offer instead of cutting price.",BUSINESS TYPE,Discounts have become your default closing tool,Policy + 4 non-price concessions to offer instead
Pricing & Finance,"Build a 13-week cash forecast structure for [BUSINESS] showing the rows I need, the assumptions to make explicit, and the warning threshold where I stop spending.",BUSINESS,You don't know if you can afford the next quarter,Template columns + assumption list + trigger points
Pricing & Finance,"Write a quote for [SCOPE OF WORK] at [PRICE] for [CLIENT]. Line items, what's included, what triggers a change-order charge, payment schedule, validity period, and the acceptance step.","CLIENT, PRICE, SCOPE OF WORK",Every job above a threshold price,Quote document + the change-order clause in plain English
Pricing & Finance,"Compare [OPTION A] and [OPTION B] for [PURPOSE] across cost, time to value, lock-in, risk, and 3-year total. Then say which you'd pick and what would flip the decision.","OPTION A, OPTION B, PURPOSE","Vendor choices, tools, build-vs-buy",Comparison table + recommendation + flip conditions
Pricing & Finance,"Design a payment-terms structure for [BUSINESS TYPE] that protects my cash flow without pushing customers away: deposit, milestones, late handling, what to do about net-60 demands.",BUSINESS TYPE,You're effectively financing your customers,Terms proposal + the negotiation script for pushback
Pricing & Finance,"Turn my revenue into a unit-economics picture for [MODEL]: acquisition cost, first-purchase value, repeat rate, lifetime value, payback period. Use these inputs: [INPUTS]. Mark anything I'm guessing.","INPUTS, MODEL","Before scaling spend, when growth feels fine but cash doesn't",Unit table + the weakest assumption + what to measure to confirm it
Pricing & Finance,"Write a monthly financial review that a non-finance founder can run in 15 minutes for [BUSINESS TYPE]: the 6 numbers, what good looks like, and the question to ask when each one moves.",BUSINESS TYPE,First of every month,Review template + thresholds + diagnostic questions
Pricing & Finance,"Prepare for [COUNTERPARTY] over [SUBJECT]. My target, my floor, my walk-away, their likely ask, three trades I can make that cost me little, and the exact opening line.","COUNTERPARTY, SUBJECT",Anything where the number is actually movable,Prep sheet + opening line + concession sequence
Pricing & Finance,"Create an invoice and reminder sequence for [BUSINESS TYPE]: the invoice wording, day-7 nudge, day-14 firm notice, day-30 consequence, and how to keep the relationship.",BUSINESS TYPE,Late payment is your biggest unmanaged risk,5 templates with timing
Pricing & Finance,"Identify the tax and record-keeping structure my [COUNTRY] business should have at [REVENUE] — entity type considerations, what to separate, what to track weekly, and what to ask an accountant. This is not tax advice, it's a question list.","COUNTRY, REVENUE",Before revenue makes your setup wrong,Checklist + the 6 questions to bring to a professional
Pricing & Finance,"Write a fundable one-page summary of [BUSINESS] for [BANK OR INVESTOR]: the model, the numbers that matter, the use of funds, and the risk you'd raise yourself.","BANK OR INVESTOR, BUSINESS",You need outside money or a credit line,One-pager + the numbers to have ready
Hiring & Team,"Write a job post for [ROLE] that attracts the right person and filters the wrong one. Include the first 90 days, the actual problems, what success looks like in numbers, and the honest reasons it's hard.",ROLE,"Most job posts describe a wishlist, not a job",Post + 5 screening questions that reveal real capability
Hiring & Team,"Design a hiring test for [ROLE] that takes the candidate under 90 minutes, predicts real performance, and respects their time. Explain what each part measures.",ROLE,You keep hiring on conversation and getting it wrong,Assessment design + what each part predicts + rubric
Hiring & Team,"Build an interview question set for [ROLE]: 4 for skill, 4 for judgement, 3 for motivation, 2 red-flag probes. Include the follow-up that gets past a rehearsed answer.",ROLE,"Structured interviews, so two candidates are comparable",Question set + what a strong and weak answer sounds like
Hiring & Team,"Write an onboarding plan for [NEW HIRE ROLE] covering week one, first month, first quarter. Each phase has the knowledge, the output, and the check-in. Name the two mistakes that lose people early.",NEW HIRE ROLE,Their first three weeks decide the next three years,Plan + the check-in conversation scripts
Hiring & Team,"Draft the difficult performance conversation with [TEAM MEMBER] about [ISSUE]. Facts not labels, the impact on others, the specific change required, the support offered, and the consequence with a date.","ISSUE, TEAM MEMBER",The conversation you keep postponing,Talking points + their likely responses + your replies
Hiring & Team,"Write a role brief for [ROLE] with: purpose, scope, decisions they own, decisions they escalate, who they work with, success metrics at 6 and 12 months.",ROLE,Confusion about ownership costs more than bad hiring,One-page brief + the escalation list
Hiring & Team,Create a compensation conversation script for [SITUATION] that is honest about constraints and specific about the path to more.,SITUATION,Money talks with people you want to keep,Script + the numbers to prepare + what not to promise
Hiring & Team,"Design a written weekly update format for a [TEAM SIZE]-person [TYPE] team: the 5 fields, what good looks like in each, and how to stop status meetings without losing visibility.","TEAM SIZE, TYPE",Meeties are your most expensive habit,Template + rules + the meeting to keep
Hiring & Team,"Write a firing or exit conversation plan for [REASON] that is legal-check safe, humane, clear, and protects the rest of the team's trust in you.",REASON,Nobody enjoys it and unprepared ones go badly,Plan + the exact words + what to tell the team afterwards
Hiring & Team,"Build a freelance contract brief for [PROJECT] with scope, deliverables, revision rounds, timeline, payment schedule, ownership of work, kill fee, and the out-of-scope list.",PROJECT,"Scope creep starts in the first message, not the third",Brief + the clause that saves you most often
Hiring & Team,Write the message to [CANDIDATE] declining them in a way that keeps them warm for [FUTURE ROLE] and doesn't embarrass either of us.,"CANDIDATE, FUTURE ROLE",You'll want this person again,Decline message + a 6-month re-engagement note
Hiring & Team,"Create a team agreement for [TEAM] covering decision rights, response-time expectations, meeting norms, conflict handling, and how we say 'this isn't working'.",TEAM,Culture problems are usually undefined-rule problems,Agreement + the facilitation questions to fill it in together
Hiring & Team,"Design a review-and-promotion framework for [TEAM TYPE] with levels defined by impact and judgement rather than tenure, and evidence each person should be collecting.",TEAM TYPE,Your best people can't see a path and start looking,Framework + evidence list + the review conversation template
Hiring & Team,"Write a recruiting outreach message to [PASSIVE CANDIDATE PROFILE] that doesn't read like a recruiter blast. Reference something specific, name the actual problem they'd work on, be honest about why the role exists, ask one question.",PASSIVE CANDIDATE PROFILE,Good people who aren't looking,Message + subject + follow-up for silence
Hiring & Team,"Build a documentation habit for a [TEAM SIZE]-person team: which 5 docs matter, who updates them, when the review happens, and how to make writing one cheaper than skipping it.",TEAM SIZE,Every hire reinvents what's in someone's head,Doc list + ownership + cadence + the incentive that makes it stick
Research & Strategy,"Research [MARKET OR SEGMENT] for [PURPOSE]. Give me: who the buyers are, what they currently use, what they complain about, typical price points, the 3 gaps, and what evidence I should verify myself before acting.","MARKET OR SEGMENT, PURPOSE",Before entering a market or launching to a segment,Brief + gaps + a verification checklist (mark every unverified claim)
Research & Strategy,"Analyse [COMPETITOR] for [MY OFFER]: their positioning, apparent pricing, who they clearly win with, where they're weak, and the three most credible ways I differentiate without attacking them.","COMPETITOR, MY OFFER",You're copying their page instead of answering them,Competitive breakdown + positioning options + what to avoid claiming
Research & Strategy,"Run a [FRAMEWORK] analysis of [BUSINESS TYPE] in [MARKET], then ignore the obvious cells and tell me the two items that actually change a decision and why.","BUSINESS TYPE, FRAMEWORK, MARKET","Annual planning, big pivots, new markets",Analysis + the decision-relevant subset + what it implies for the next quarter
Research & Strategy,"Stress-test this plan: [PLAN]. Give me the assumptions it depends on, the three most likely ways it fails, the earliest warning signal for each, and the cheapest test to run before committing.",PLAN,Before you spend real money on a strategy,Assumption list + failure modes + early signals + tests
Research & Strategy,"Build a decision matrix for [CHOICE] with the criteria that actually matter for [CONTEXT], their weights and my reasoning, scored options, and a sensitivity note on which criterion flips the answer.","CHOICE, CONTEXT",Any two-option decision you've made twice already,Matrix + weights rationale + flip condition
Research & Strategy,"Summarise the state of [TOPIC] for a [ROLE] who needs to make a decision this week, not become an expert. Separate established facts, active debate, and open unknowns. Name what's most likely to change in 12 months.","ROLE, TOPIC","New domain, fast, without pretending to know it",Brief with fact/debate/unknown split + decision implications + the citation list to verify
Research & Strategy,"Design a 2-week validation experiment for this hypothesis: [HYPOTHESIS]. Define the minimum audience, the single metric, the pass threshold, the kill threshold, and the total cost ceiling.",HYPOTHESIS,You're about to build something nobody confirmed they want,Experiment spec + interpretation guide + what to build if it passes
Research & Strategy,"Map my customer segments for [BUSINESS] from these inputs: [DATA]. Group by job-to-be-done, size each, note who's most profitable versus who's easiest to reach, and name which two to focus on and what to stop doing for the rest.","BUSINESS, DATA",You're marketing to everyone and resonating with nobody,Segment table + focus recommendation + explicit non-target list
Research & Strategy,"Write a strategy memo for [DECISION] using situation, implication, options, recommendation, risks, and what we'd need to see to reverse it. One page, decision-maker voice. Inputs: [INPUTS]","DECISION, INPUTS","Anything that needs a written position, not a meeting",Memo + the reversal triggers
Research & Strategy,"Identify the 5 highest-leverage constraints in [BUSINESS] right now given these numbers: [FIGURES]. For each: how I know it's the constraint, what removing it releases, and the cost of trying.","BUSINESS, FIGURES",Growth stalls and everyone blames marketing,Ranked constraints + test for each + what not to do
Research & Strategy,"Research the [REGULATORY OR COMPLIANCE] requirements for [ACTIVITY] in [COUNTRY]. What applies to a business of [SIZE], what's commonly missed, the penalties, and the questions for a professional.","ACTIVITY, COUNTRY, REGULATORY OR COMPLIANCE, SIZE","Anything involving data, money, health, food, or cross-border selling",Requirements summary + gaps + professional question list (not legal advice)
Research & Strategy,"Do a post-mortem on [COMPLETED PROJECT OR PERIOD]. Separate outcome from process, quantify what actually moved, what was luck, what I'd repeat, and the one habit to retire.",COMPLETED PROJECT OR PERIOD,After every launch and every quarter,Post-mortem + repeat/stop list + the number to track next time
Research & Strategy,"Build a 12-month plan for [GOAL] backwards from the deadline: the 4 quarterly milestones, the monthly evidence each produces, the dependency chain, and the two things I must say no to.",GOAL,"Planning season, or when you're busy without progressing",Milestone map + dependencies + the explicit no-list
Research & Strategy,"Compare [CHANNEL A] and [CHANNEL B] for [OFFER] given my constraints: [TIME], [BUDGET], [SKILLS]. Expected cost per customer, time to first signal, and what must be true for each to work.","BUDGET, CHANNEL A, CHANNEL B, OFFER, SKILLS, TIME",You can only run one marketing channel properly right now,Comparison + recommendation + the review date and kill criteria
Research & Strategy,"Write a weekly competitive and market digest for [INDUSTRY] that takes me 10 minutes: the 5 things to track, where to look, what signals a threat, and what's noise I should ignore.",INDUSTRY,Stay informed without doomscrolling,Digest template + sources + threat signals vs noise
